<?xml version="1.0" encoding="UTF-8"?>
<project-private xmlns="http://www.netbeans.org/ns/project-private/1">
    <editor-bookmarks xmlns="http://www.netbeans.org/ns/editor-bookmarks/2" lastBookmarkId="0"/>
    <open-files xmlns="http://www.netbeans.org/ns/projectui-open-files/2">
        <group>
            <file>file:/C:/Users/omalleym.CQU.000/Documents/NetBeansProjects/W05Demo/src/w05demo/FXMLDocument.fxml</file>
            <file>file:/C:/Users/omalleym.CQU.000/Documents/NetBeansProjects/W05Demo/src/w05demo/W05Demo.java</file>
            <file>file:/C:/Users/omalleym.CQU.000/Documents/NetBeansProjects/W05Demo/src/w05demo/FXMLDocumentController.java</file>
            <file>file:/C:/Users/omalleym.CQU.000/Documents/NetBeansProjects/W05Demo/src/w05demo/Scene2Controller.java</file>
        </group>
    </open-files>
</project-private>
