<?xml version="1.0" encoding="UTF-8"?>
<project-private xmlns="http://www.netbeans.org/ns/project-private/1">
    <editor-bookmarks xmlns="http://www.netbeans.org/ns/editor-bookmarks/2" lastBookmarkId="0"/>
    <open-files xmlns="http://www.netbeans.org/ns/projectui-open-files/2">
        <group>
            <file>file:/C:/Users/omalleym.CQU.005/OneDrive%20-%20CQUniversity/Documents/NetBeansProjects/W10Q03StudentLinkedListGUI/src/w10q03studentlinkedlistgui/W10Q03StudentLinkedListGUI.java</file>
            <file>file:/C:/Users/omalleym.CQU.005/OneDrive%20-%20CQUniversity/Documents/NetBeansProjects/W10Q03StudentLinkedListGUI/src/w10q03studentlinkedlistgui/FXMLDocumentController.java</file>
            <file>file:/C:/Users/omalleym.CQU.005/OneDrive%20-%20CQUniversity/Documents/NetBeansProjects/W10Q03StudentLinkedListGUI/src/w10q03studentlinkedlistgui/FXMLDocument.fxml</file>
            <file>file:/C:/Users/omalleym.CQU.005/OneDrive%20-%20CQUniversity/Documents/NetBeansProjects/W10Q03StudentLinkedListGUI/src/w10q03studentlinkedlistgui/StudentEmail.java</file>
        </group>
    </open-files>
</project-private>
