<?xml version="1.0" encoding="UTF-8"?>
<project-private xmlns="http://www.netbeans.org/ns/project-private/1">
    <editor-bookmarks xmlns="http://www.netbeans.org/ns/editor-bookmarks/2" lastBookmarkId="0"/>
    <open-files xmlns="http://www.netbeans.org/ns/projectui-open-files/2">
        <group>
            <file>file:/C:/Users/omalleym.CQU.003/OneDrive%20-%20CQUniversity/Documents/NetBeansProjects/W09LoanAnalyserGUI/src/w08loananalysergui/FXMLDocument.fxml</file>
            <file>file:/C:/Users/omalleym.CQU.003/OneDrive%20-%20CQUniversity/Documents/NetBeansProjects/W09LoanAnalyserGUI/src/w08loananalysergui/IExitable.java</file>
            <file>file:/C:/Users/omalleym.CQU.003/OneDrive%20-%20CQUniversity/Documents/NetBeansProjects/W09LoanAnalyserGUI/src/w08loananalysergui/FXMLDocumentController.java</file>
            <file>file:/C:/Users/omalleym.CQU.003/OneDrive%20-%20CQUniversity/Documents/NetBeansProjects/W09LoanAnalyserGUI/src/w08loananalysergui/W09LoanAnalyserGUI.java</file>
        </group>
    </open-files>
</project-private>
