<?xml version="1.0" encoding="UTF-8"?>
<project-private xmlns="http://www.netbeans.org/ns/project-private/1">
    <editor-bookmarks xmlns="http://www.netbeans.org/ns/editor-bookmarks/2" lastBookmarkId="0"/>
    <open-files xmlns="http://www.netbeans.org/ns/projectui-open-files/2">
        <group>
            <file>file:/C:/Users/omalleym.CQU.001/OneDrive%20-%20CQUniversity/Documents/NetBeansProjects/W06StaffPhone/src/W06staffphone/FXMLDocument.fxml</file>
            <file>file:/C:/Users/omalleym.CQU.001/OneDrive%20-%20CQUniversity/Documents/NetBeansProjects/W06StaffPhone/src/W06staffphone/StaffPhoneAddController.java</file>
            <file>file:/C:/Users/omalleym.CQU.001/OneDrive%20-%20CQUniversity/Documents/NetBeansProjects/W06StaffPhone/src/W06staffphone/Utility.java</file>
            <file>file:/C:/Users/omalleym.CQU.001/OneDrive%20-%20CQUniversity/Documents/NetBeansProjects/W06StaffPhone/src/W06staffphone/W06StaffPhone.java</file>
            <file>file:/C:/Users/omalleym.CQU.001/OneDrive%20-%20CQUniversity/Documents/NetBeansProjects/W06StaffPhone/src/W06staffphone/StaffPhoneAdd.fxml</file>
            <file>file:/C:/Users/omalleym.CQU.001/OneDrive%20-%20CQUniversity/Documents/NetBeansProjects/W06StaffPhone/src/W06staffphone/FXMLDocumentController.java</file>
        </group>
    </open-files>
</project-private>
