<?xml version="1.0" encoding="UTF-8"?>
<project-private xmlns="http://www.netbeans.org/ns/project-private/1">
    <editor-bookmarks xmlns="http://www.netbeans.org/ns/editor-bookmarks/2" lastBookmarkId="0"/>
    <open-files xmlns="http://www.netbeans.org/ns/projectui-open-files/2">
        <group>
            <file>file:/C:/Users/omalleym.CQU.003/OneDrive%20-%20CQUniversity/Documents/NetBeansProjects/W07PayableWEmployee/src/w07payableemployee/Invoice.java</file>
            <file>file:/C:/Users/omalleym.CQU.003/OneDrive%20-%20CQUniversity/Documents/NetBeansProjects/W07PayableWEmployee/src/w07payableemployee/SalariedEmployee.java</file>
            <file>file:/C:/Users/omalleym.CQU.003/OneDrive%20-%20CQUniversity/Documents/NetBeansProjects/W07PayableWEmployee/src/w07payableemployee/Payable.java</file>
            <file>file:/C:/Users/omalleym.CQU.003/OneDrive%20-%20CQUniversity/Documents/NetBeansProjects/W07PayableWEmployee/src/w07payableemployee/W07PayableEmployee.java</file>
            <file>file:/C:/Users/omalleym.CQU.003/OneDrive%20-%20CQUniversity/Documents/NetBeansProjects/W07PayableWEmployee/src/w07payableemployee/Employee.java</file>
        </group>
    </open-files>
</project-private>
